feature,correlation
smoker,0.05867284464261402
age,0.051673442197783234
sex,0.02514278035219603
region,0.023436147465938282
bmi,-0.013494834783303367
children,0.007140767136091527
